{
  "flow_rtpo": {
    "n_samples": 10,
    "toxicity_mean": 0.7566820547046039,
    "toxicity_std": 0.07574850514273831,
    "relative_attr_peak_mean": 0.05465953302873607,
    "cumulative_attr_final_mean": 21.879896899521686,
    "scaled_attr_mean": 0.359498806844558
  },
  "vanilla": {
    "n_samples": 10,
    "toxicity_mean": 0.41489270723788235,
    "toxicity_std": 0.064943762331068,
    "relative_attr_peak_mean": 0.031225006349225946,
    "cumulative_attr_final_mean": 20.44011729858554,
    "scaled_attr_mean": 0.46457058236081633
  },
  "comparison": {
    "toxicity_improvement": 0.34178934746672157,
    "toxicity_improvement_pct": 82.38017721308213
  }
}